,Vazão (m3/h),Diâmetro do rotor (m),Velocidade (RPM),Temperatura (°C),Altura (m),NPSH (mca)
0,4.249617638333984,0.2412495475343731,1907.238634313399,35.16526391858045,2.575601974156229,5.82778083109812
1,7.7577283736151585,0.5610211626718267,1352.539042914261,20.49173832917603,2.970114686346562,4.22914547508465
2,6.4260212690004685,0.4021009489791428,1776.288360166813,20.44247103057995,2.679969206680964,5.485256408152639
3,5.614191165626025,0.5305829864430966,1806.715046382856,26.47220438299082,3.064988917495812,5.569132255782936
4,2.919121477919635,0.3280198404122447,1624.130671302386,29.77286380809332,2.20827152823828,4.9474431565114045
5,2.9189746195468693,0.5582092913984802,1936.444235624723,35.40814835615586,3.557179372724811,5.894376145745042
6,2.3228314471177667,0.3556806714936652,2134.367014769015,33.66590753213011,2.202837690776644,6.481964578078585
7,7.243006896557834,0.2043350605921194,2125.568512906776,28.91805412753497,4.401069523467084,6.56900878810198
8,5.629148049919468,0.5621527905677055,1650.839371404132,25.47253332563332,2.701136245731299,5.0767363260763485
9,6.28037296382411,0.2365146707144534,1313.238045840755,39.94249000315422,3.620035743813532,4.090574748477489
10,2.094513239167071,0.327725455036166,2184.841198962335,28.52362604471946,4.640237262684375,6.651473293183281
11,7.874602925748989,0.5800247868203219,2038.898086445934,29.02774048659351,3.952632107141583,6.292689192402422
12,7.037616107636207,0.5802428587750224,1324.662681203267,23.27247642383338,3.598873359654006,4.143757697200979
13,3.2620359133723387,0.4293751552493145,2120.841882617372,35.89619097499859,2.973001259346127,6.429738081283573
14,3.076246621522955,0.4527348848679197,2069.896362062128,33.87364451562977,2.999005739174594,6.277679148456595
15,3.0858638703238377,0.3793782087913279,1718.838057126072,24.41539225577521,4.008460865594571,5.2623557036234665
16,3.821599968689995,0.3172843086792258,1791.275435744929,21.64762091231685,4.982418083663503,5.505865184496448
17,5.164229002172224,0.3314658181479664,1599.00270387013,33.60998604149426,3.985517569548136,4.937169689238336
18,4.599134762798796,0.4690073824308154,1254.761638822031,33.0902242856227,3.673350252110075,3.876029059422505
19,3.742368016821338,0.5009498117750719,1535.197241645901,25.46519053996419,4.191951530717738,4.712986688129454
20,5.694527033161982,0.5166316174903394,2002.853448598011,39.0172712450082,3.395616836851155,6.15098647191344
21,2.8185082282597023,0.5158472571178215,1204.632023004603,23.02115783561801,2.180427027802356,3.689955994513208
22,3.747942207222808,0.2364824412194761,1533.499171691144,28.64669602085204,3.686890447633729,4.7173142738430975
23,4.199823154503856,0.3977681218810326,1598.168693590943,38.87231840335198,4.87287585351614,4.908160240201835
24,4.746022722288441,0.2230235040066577,1737.395602937923,28.39454633852245,2.525908827072979,5.322383595977658
25,6.749826843504653,0.4198115529294942,2119.85561641276,32.77051895328171,4.070014672461998,6.524077141349739
26,3.1849214297566384,0.3766122005493508,1546.345994365961,27.95188795925588,2.602801065977169,4.7160533095589106
27,5.10016449153704,0.5550816731033199,1546.953201896228,25.4843040469734,3.607483053419244,4.77856633800575
28,5.5761742830760745,0.3403660050208315,1937.501248109748,39.67955295919656,2.290029348940159,5.91860238149075
29,2.2520012142631014,0.2468268065710424,1652.217940889807,28.18668012630086,3.351112808774555,5.040525402317384
30,5.668296959697344,0.2571966728211343,1424.604822939982,37.88198407358269,4.268489986685738,4.414553320158076
31,3.0074399805359855,0.5046042526869889,1652.439516132693,24.59909211782172,3.042714572716946,5.06884328403109
32,2.3652568955937587,0.4472872253265044,1340.8570203798,24.26209408050167,3.994735173461654,4.120654437205442
33,7.7465936771135695,0.2404490704491161,1376.386986506223,20.62268165769023,4.386349882369188,4.31883598912331
34,7.848556873377731,0.233642722445999,1698.36777273948,33.0333365075177,4.781533458438358,5.298908781567065
35,6.891213246802698,0.480387652583648,1618.925449504548,27.37052687447522,2.703926245566361,4.993988260582927
36,3.823862053884578,0.2291052025456774,2114.8459010681,37.28716499679274,3.197947747427925,6.448187663235396
37,2.5638711383954256,0.5287440237161425,1562.393899116633,29.46419813383114,2.457248039991252,4.739171849503454
38,6.135222785998389,0.4824968908625984,1780.588350278043,39.36386855829443,4.977450506475126,5.487554444217941
39,4.649107031811486,0.2325395122567599,1832.26428791953,23.71051031406242,4.781002903772886,5.651130468488637
40,2.7122274027604467,0.2339350856340768,1213.094456588334,37.37246335911222,3.619871390841679,3.7361187648402647
41,4.984130276418525,0.5946558314004702,1863.537372016711,35.53193705583483,4.526099883129264,5.727309934436254
42,2.1785608340101588,0.3497083183024481,1378.035966869752,35.41843689288104,3.562873931816127,4.212420775615205
43,7.50569625677638,0.3482568588267564,2161.070317469455,36.89566456233776,3.870757064008279,6.6503325098816015
44,3.544797136199035,0.5251198269030011,1348.662727753113,35.22047981885998,2.26737329634805,4.110368684603967
45,6.003034136662642,0.5788994309535435,1614.624123727024,32.52440643262831,4.265811261490423,4.98781093140318
46,3.867074920967492,0.5944004255291484,1285.349668078644,22.62489755364775,2.383140450905704,3.94884792483463
47,5.135683011390929,0.5013512741035766,2196.874251845948,20.65052358982504,4.478202890757585,6.754696274207281
48,5.297897830971451,0.3505038342123663,1702.195010331243,38.41695695631374,4.346084263011157,5.2494564721283465
49,3.0946920512587788,0.2334002866794675,1795.385017320044,32.33300629041476,4.126234093228929,5.476902595333487
50,7.872622755125853,0.5108587663709747,1267.076477388428,35.93074581952352,2.108481141574286,3.951908030612357
51,6.688677904336339,0.423361699894322,1949.960470399178,29.630447030251,2.909385067835986,5.994086965718884
52,7.68944218054248,0.3696888036987905,1409.905593095586,22.34616377924789,2.789337709732528,4.393997579232881
53,7.4174534455192305,0.5625417540378943,2098.054289440714,22.50371584405101,3.080409222414557,6.467213953664722
54,5.609572907910451,0.2444789929224606,1405.139640482007,33.71130574457943,2.262928240291516,4.345861952553433
55,7.582131885222796,0.3970500417163436,1390.687720663667,28.60611789798925,4.810873469093188,4.374179369988555
56,2.507979888946358,0.2045414579069676,1236.549667848095,24.01049453400674,3.661406722137129,3.8019258556571613
57,3.162448789642413,0.3874642567976505,1672.066945109999,29.83189093482874,2.916572931974071,5.103874415722231
58,2.2445540674467965,0.2225213102727349,1764.841133262616,21.28417874150268,3.19094455122285,5.389488326314325
59,3.9499975068090993,0.2475271665072288,1265.708639428352,31.63942803828797,3.341607621514507,3.917948545586892
60,4.335693623458464,0.247010498710842,1975.527616695011,25.37986808870195,3.801783000081852,6.052365503613836
61,3.621325416707064,0.4596841208464254,1653.288834748028,35.95118201274376,3.547038283089493,5.058205527471504
62,7.015056936482266,0.4984179517061693,1724.39026932758,26.20723917847148,4.758175919643252,5.345178249739927
63,4.141320463889508,0.4333475060388639,1640.762746938228,29.10440298163602,3.490890448717491,5.025593510871586
64,3.6796878333112355,0.5848690193898167,1600.763060875326,20.23241079816201,4.976474044469938,4.946225211299749
65,5.273456880588363,0.3499482318094816,1759.640331308218,21.44893775589118,4.554274873235287,5.451619223232634
66,2.827217185627485,0.3142848345127443,1355.240245930712,27.8498711281337,2.625531543072007,4.149340464401502
67,6.853461511691456,0.5474396512757841,1381.928130495271,29.59877669434247,4.791785643931749,4.3323686334792555
68,2.423093088945804,0.2894383354077811,2061.785621013517,32.00041096238607,2.349099193656428,6.2588755978933115
69,7.977970090502602,0.5852890157762445,2146.115462133633,25.83325157418606,4.452349125473575,6.624830087507291
70,6.671093615268385,0.2048617898759265,1573.309316279753,33.89963772253085,3.14186988042974,4.874897556510406
71,3.179087910731064,0.5879515306830556,1470.744673143554,37.20244794378409,4.633922961335209,4.533033319111321
72,2.0028040161625054,0.2172639647802305,1843.999543239016,35.597019777867,4.60417007032235,5.6263128330196714
73,6.934223809588876,0.5564572454792285,1608.734171098096,20.79237650696714,4.417776200352863,5.022740214286653
74,6.272973855442675,0.4110804436345199,1225.386355660345,29.61013894515658,4.370091308921184,3.813366972140869
75,6.407835912290576,0.5971859184477202,1356.15259736619,22.0986035683635,2.914037417294122,4.224245773268515
76,6.665160717726062,0.2295186258941596,1915.972228847398,24.84090031725055,2.242757849153756,5.89512428679534
77,2.420012291827632,0.4215417137605283,1858.923941910151,39.73325186534293,3.208940536295485,5.646156239303082
78,4.151746643064438,0.5877210142476396,1227.095992503484,22.84991085803026,2.520573544959526,3.786256430161643
79,2.674665584418241,0.4092391376680595,1421.972161932949,29.97776306902712,4.084853266707385,4.345737955783574
80,7.224298245774651,0.451759455254105,1431.074796588071,32.36311468636238,3.038299179613356,4.446514197376154
81,5.764212802643979,0.4782994755938468,1871.892743598728,34.04929941088208,4.926830602579745,5.776866339309995
82,3.9838971292277296,0.3818164259071093,1219.710537754364,31.19297366973828,3.922916232035996,3.792014797488432
83,2.3561650951335533,0.4510232320336254,1304.108581984574,20.19541694838367,4.467441690903083,4.016294622574077
84,3.8626378061207705,0.4337257247692401,1999.916085373189,26.52922616487984,2.397574018225545,6.08852142187532
85,3.949102425186406,0.5604632041963955,1378.544662054334,30.35423286769423,4.586043446817868,4.255361902680477
86,6.411483063619253,0.2181785521365832,1852.746107851875,21.75732998289667,4.768271571540183,5.750756135113927
87,5.851032657985223,0.3123852758368921,1438.182781046727,27.01253862418362,3.461185756456808,4.465249143578229
88,7.371090925078691,0.5801645936306234,1299.441392759345,20.66406217582733,3.818758813252932,4.071761878648352
89,4.84432327422558,0.5561055135563665,1443.172190999454,21.57156994310041,4.294429402708986,4.478593500672098
90,2.6973468615893976,0.3822627011142852,1922.266931855659,27.93846552403192,2.524515881781237,5.847015014334688
91,6.311864626948699,0.4480530391206147,2055.696468106285,22.65431508086121,3.507698229390327,6.334100430524066
92,6.601319630234344,0.3109524731924531,2030.219864566992,31.35081696523116,3.195989083316939,6.235087537444566
93,5.3865903883828405,0.2752484638895045,1597.183529618455,33.78929938274531,2.439121976486748,4.9066942481331015
94,6.6633148480430595,0.3854793619759929,1868.085136570646,36.01173398218165,3.102603266874594,5.745248773957489
95,4.975719969798023,0.3413408912104211,1404.984295415821,24.0030048848962,2.20451692815648,4.316935227615823
96,5.151908039291099,0.4334624447403488,1493.147730261013,23.3496516451814,2.077435720848461,4.598820311764623
97,4.572320439966464,0.231093854785994,2096.33581852112,22.091356806688,2.405498867464468,6.408741359230572
98,2.1239495213871136,0.5897579230664666,1213.001923510736,32.72860499087273,4.889345334767522,3.735415234342353
99,2.6260927414635464,0.5944842977918412,1285.508530854468,34.12951452973802,3.648588607685051,3.938678492558684
100,2.160542539178379,0.479264685607898,1407.886255146027,20.63172289651284,4.89746648345966,4.320892957229475
101,5.844048634910898,0.4144385465376481,1226.53220387382,38.7242449248738,3.297493634990396,3.8064805881894133
102,3.883178765566379,0.3238110465145311,1381.435435089797,21.03942567302945,2.935448399255779,4.253830837597273
103,5.065680037087823,0.5255180078827795,1783.041560969692,30.82592670602141,3.518425588520732,5.468399076297466
104,7.49501723936432,0.4738924690215517,1621.424550592498,34.18121038901833,3.31853506589873,5.024536408272475
105,3.487029733656505,0.2650467757379565,2092.671711076975,37.41938247492171,2.316994052785232,6.364019457516056
106,4.467851167134316,0.564370873797537,2017.443561738441,34.28173864264856,3.922478944070619,6.19049886457345
107,6.569452294775877,0.5290148971692676,1541.817351697876,36.03456166139584,2.648114547528799,4.760859805684402
108,3.362248988046068,0.5799199653167696,1459.423433431293,26.78900385085612,3.858763864693489,4.488219675563478
109,2.4378839887122306,0.490287803355344,1579.692408167267,36.29650227493025,3.95060327719446,4.824187547142897
110,3.7333709275083287,0.445366078374316,1790.294942514808,21.6022969276935,2.456074559385944,5.452003760578418
111,2.9507984629799155,0.3672972145162475,1468.063640822876,37.89633312121055,2.184048881332004,4.472566368247982
112,7.6297657689985945,0.5730913933416053,1824.148907849134,30.95184752307473,4.342284758205319,5.653739386864243
113,6.889526888108166,0.5464255558001634,1609.41165219124,36.34595539924987,3.379401271307961,5.002095968209381
114,5.825742230276292,0.2180874680424758,1752.04718085198,29.046365690366,2.174491386516427,5.3817675643057035
115,7.27518191684624,0.2105467897989008,1636.126529135317,32.8715539039305,4.984598951509302,5.1012276144207895
116,6.8624428245197855,0.3505853467512198,1494.465759541918,30.52805321872226,2.1733416829891,4.623477733709702
117,3.105137723238543,0.5242213323127332,2148.453306962157,34.63179043510664,4.085105686575659,6.533490514616152
118,7.403642292649638,0.5949104517259778,1963.605794159761,21.63259964061179,4.951036775790241,6.097236253435154
119,5.253036586306594,0.2601667564414113,1340.113175766453,21.20704167981128,2.717540312647777,4.1611458096988665
120,6.88538525425369,0.4376522861408541,2068.467975897913,24.94206468020293,2.426748106061589,6.361764373868479
121,7.425149164784235,0.3523563426524086,1687.431198249514,23.19089360226377,2.364154818267287,5.213033152011641
122,3.9053870018394043,0.5879657591258413,2094.552226894091,37.43567133184403,2.909825442702787,6.388937366415002
123,2.6392472089101764,0.5368475692542835,1999.855255947315,24.38427974716089,2.30313743303194,6.060978280030022
124,3.3569944834575125,0.5353314818844551,1625.213504469233,39.51730511638263,4.076484025082395,4.980225926222061
125,4.569682664954136,0.3874772639179881,1222.469308320117,26.73791583542214,2.186875394390188,3.795338929883148
126,6.949770133555564,0.365927800935066,1468.677359384946,23.64235831377399,3.528266384449369,4.564891272930046
127,7.209850887934936,0.3093628287722825,1741.634214660867,35.79397014284958,4.99009056155893,5.403182856717296
128,2.011510836938318,0.2225501986603708,1833.478219826147,33.17415551001752,4.441910808518056,5.596129888826983
129,5.078932615958638,0.5458889505020212,1457.887685433202,29.96391432906278,3.845658314693033,4.501506211397494
130,4.510642537913451,0.525160403652031,1339.356074072824,31.10727101875263,2.918760862359835,4.111473622066293
131,3.3215138999802107,0.5998870693144522,2034.930236799299,34.38403556544527,3.871687508874915,6.204380656874421
132,2.6989976191176455,0.5986547348295621,2184.402180703552,24.56909482662597,3.581124391734955,6.636744718059572
133,4.024795340974482,0.422172682241051,1725.690182302686,39.92667832113484,3.278250151671115,5.281371608663883
134,7.710209046306265,0.5075949660722041,1371.679285848304,39.49586324293566,2.392131130220598,4.251368789982752
135,3.937044565618878,0.5779062919529712,1472.307326519369,33.00651372693873,4.6598126457214,4.55507416693018
136,5.1279054004427955,0.5398589562709646,1218.390676547467,23.9908490185829,3.349353946463967,3.7796708399463306
137,6.249603354388546,0.2989392406972791,2114.298806560499,33.60456484862583,2.583867535462295,6.474152363778322
138,4.183187553864194,0.3802176541240374,1317.751082890141,21.44396817958352,3.103278052631869,4.080252230609463
139,7.886002242595541,0.251663766060598,1776.516475514254,20.61305004411612,3.242389257586781,5.502408505148992
140,7.829166185157619,0.5816204109034889,1474.055220687206,25.15365777022427,4.482613686700622,4.616138130214085
141,3.5021908252637344,0.442469853780352,1754.178002515793,29.25245913478633,4.200843141684206,5.390694455587609
142,4.996743454092517,0.2914571222013851,1851.420388351864,37.36545010816761,4.30791468092402,5.674335310960885
143,3.8011182285745004,0.4686802737623427,2029.741803707202,34.54338139532616,2.033093793285942,6.1727390007173195
144,3.7034699240728948,0.4472512961831583,1406.421271760603,34.85413042399962,3.248461994539285,4.320274466232468
145,2.1937728238921164,0.3432650872131362,1210.99582865848,28.50986668896151,3.444032454905971,3.725779727819033
146,5.680592836381995,0.2454230368798516,1336.885630068807,26.91869985093926,2.05757683046917,4.123280308364132
147,5.029807858186727,0.4686292782371198,2100.018641848105,27.42077525969205,2.779439626235103,6.407017495305451
148,2.282616900905219,0.4081230803615173,2073.890077562515,39.75299127472115,4.280869469366404,6.313335112627258
149,3.6657567739512,0.5089273566942557,1797.413102170308,20.80218382824965,2.411329117186997,5.493263005462588
150,7.4992756996369945,0.4080654004447973,1800.516860433653,37.34062992244897,3.605930394357775,5.568469116385106
151,3.4277853148277355,0.540872600127416,1865.036674546255,31.57350817144787,2.645605616051713,5.684823818867213
152,2.8513929818987407,0.4207627355097942,1375.37127862345,28.77230838379181,2.03636232393168,4.192160947628673
153,4.949278053053685,0.4243751886141545,2114.41194592496,34.50515320830273,2.723604372798624,6.45736505938564
154,7.970441607640128,0.5506614410633379,1618.770524892073,29.73337882849406,4.927621264730162,5.055975056141457
155,3.4429665851738385,0.3613931464849588,1583.138528249498,37.46846476163321,4.404611335648969,4.85285044006278
156,6.061565726659943,0.2536060913802563,1718.917705282838,38.01403728022517,4.8787299329631,5.337719205587165
157,6.606400997126933,0.2115130705253356,1246.965966775055,28.43441853746911,3.463562131779087,3.906086943095865
158,3.4160686823002875,0.5020549022694476,1366.283368756079,25.53655594470103,2.32920859603251,4.175061300645849
159,6.403020906362023,0.4481238205413859,1938.03361642637,31.84700657186724,3.643878466921079,5.972336714247757
160,4.208476858191706,0.4816319072396894,1282.798667925126,38.24726691233382,3.363132003679882,3.9429945753431017
161,5.819057366950988,0.2851856646035643,1803.152109466388,24.21324378011333,4.533071248218848,5.5836368691470435
162,5.826509118949494,0.2545485902347079,1445.349109681321,32.45933167126965,2.294247742352734,4.472849668569453
163,5.2313150509956925,0.2058178662671528,1589.295614041976,32.63120440185041,3.464723411065334,4.8934807767886745
164,2.5189227866148247,0.3402350235226388,1488.6937367707,34.66226044830562,2.450145994081953,4.545029177602454
165,7.0550287017831845,0.4359670747418533,1555.672716464949,22.6313537025452,2.97402778067018,4.832935929735806
166,3.9222926275968373,0.3568976180398929,1919.045905184245,34.31649929364177,4.2120712321634,5.884162940477865
167,3.104823863642495,0.3749899688094916,1497.121715623175,38.18065041331282,3.428054388106299,4.599725293768142
168,2.2174465949653976,0.5616634777974994,1766.404640296897,23.59366217740484,3.127664855437308,5.377925594984345
169,5.56690966922046,0.3393021868093201,1676.0504021991,24.75086649847755,3.183428835710106,5.160917661573535
170,6.094619762427783,0.4055957956639243,1863.671165362648,39.42790188083279,3.37834030521796,5.718010074760075
171,2.0701790274212595,0.5134612050964572,2136.829739324758,23.61953905418979,4.355049631511171,6.500426879333953
172,5.087126422964097,0.3586171129285081,1932.57209721025,37.08770186739159,4.676254066820704,5.939038347242887
173,3.348230588262747,0.4488346800911494,1414.940378590757,29.8455571289607,4.866004059511785,4.370050043202124
174,5.8973995086762905,0.544945483498698,1231.183135061285,24.94462148806354,4.360710158765885,3.85540071344155
175,3.030834351238834,0.5798082494630568,1462.264044299825,37.41499802545023,2.946220687244038,4.472682755584283
176,6.176045285885844,0.2588293923716152,1795.077930700255,28.90610510005331,4.064404118259627,5.546340953656198
177,4.323869851069623,0.5706350500645978,1251.42581348425,30.2963470785938,3.312809372166176,3.880469408356985
178,7.672583054692755,0.3968465172318153,1696.366247201236,27.18466738799531,2.764011866138154,5.251463752404444
179,2.806495872058946,0.3032977553195834,1796.842848916889,31.85901702869855,4.522614738277768,5.526396581770237
180,4.04580829266353,0.3836543024953045,1534.243890816961,23.27047745170045,2.115279046886975,4.708880603235256
181,2.660080041097868,0.5920130301141908,1970.912203745822,27.82163073303521,4.70528597640627,6.011429786108137
182,7.599298063227308,0.3970472375971478,1306.598253133772,39.38824644670575,3.384432393874202,4.069992490958026
183,7.310975523560394,0.3315006441150033,1275.137781735809,25.16266865402255,3.911604430424841,4.009853389618007
184,3.539692710615708,0.4533603417266903,1928.188756203603,33.13473329082584,3.978061766617348,5.890594789902967
185,5.987579745802002,0.2960582475112772,1695.491316206198,26.5038012844939,4.685353222119609,5.262467690260009
186,6.944944495102391,0.2303453312434656,1888.402396427736,35.46946251373201,3.910009046501622,5.835235552107988
187,5.349593529944311,0.2515518887642597,1634.827338603746,22.617473214367,3.841800754280185,5.0542523081691675
188,5.194027644722189,0.251218335583109,1446.402033239107,39.39642090157089,2.19995612168207,4.437281774584235
189,3.44173071158553,0.2607610774049177,2019.1023176742,29.07579082767278,3.555224065835612,6.1503810584775485
190,2.536050085656237,0.2555308690597641,1999.415878968979,24.72100926692928,2.450507002451125,6.075018742555499
191,7.4319955722960325,0.4563498979212858,1894.696470854427,21.46993494660025,4.212301306164457,5.879962562989289
192,7.451493183398193,0.272752033759658,1472.145137229963,23.39515810175082,3.536665762438024,4.597817942507149
193,5.8239016424436105,0.3382669133295453,1790.230666869087,30.39547897112035,4.04068333762506,5.509994191374132
194,4.033408434844953,0.5587153639624047,1560.973896940027,26.74006352862573,2.125018701807153,4.777517388902696
195,4.095389357931153,0.3895846561051489,1291.582073326634,36.57766731765219,2.25437604813741,3.967966631520763
196,6.3892565275323285,0.4670230954084109,2117.313575462243,28.61775047323612,4.148970164188047,6.504974059993157
197,7.431353234133426,0.2689279484806519,1336.818630918961,24.9742854517526,2.21625300799602,4.169595120510172
198,7.370321819774807,0.2769156075234683,2150.237353820803,32.3428997320806,2.213770183295776,6.600328131940266
199,6.717554580979647,0.2163474465065915,1646.005772957956,34.13554433770891,2.036325425704662,5.061657558599052
200,5.878274247391648,0.2675740252288658,1385.13292883862,23.340838158019,4.869504194898441,4.332530068995651
201,2.4814789065967124,0.3114361356127834,1741.900947378358,23.35238432576635,4.212525078377021,5.338331453035895
202,2.953279133763572,0.2708041937106987,2072.945835876408,20.73342853867086,3.059754225506192,6.330577692440147
203,7.440144779194861,0.2354810135028222,1932.224886409561,34.72804030131281,2.889606743862966,5.965974539188315
204,5.661503314951592,0.2482543484402403,2006.56114786145,33.2760905524361,3.049109689237548,6.13904512368806
205,2.0251793280468897,0.3843115072130903,1858.783366710717,29.49261751499628,4.323960593543545,5.66057211613856
206,2.5870044502621985,0.282533487362317,1892.276564517852,36.88340897938394,3.984111833211243,5.774354799283786
207,6.008997855716679,0.3457079444192302,2049.195651565319,36.11340305900107,2.555586703602404,6.279381229722536
208,2.0,0.4013669083419428,1449.668008859186,31.70708728793504,2.522328006002253,4.4177611564605
209,2.948282423376715,0.4761579314517461,1689.42496364314,37.36542561026518,2.295186949140192,5.175422230975521
210,5.3102182323169895,0.2157248559364396,1421.209441819602,24.11682420073537,3.980908159104014,4.420492910569493
211,6.181874901893605,0.5197641595636171,2187.668007996647,22.23839238795456,4.293117986665208,6.740312294381769
212,5.938731976905302,0.4511601557963631,2144.059339686613,25.39499223033979,2.795139284975012,6.579423056573389
213,3.3346744649173496,0.2327036127795488,1239.426811368506,21.1417371217863,2.062834883092739,3.817367991433646
214,6.30537679190239,0.5494314496427108,1905.575172515688,30.62339056002064,2.246515002429282,5.841876452718979
215,3.4137035149050465,0.5683489602127252,2125.248317415666,38.73211384589923,4.903580104535092,6.495514161719483
216,3.950419859132146,0.2244311839419455,1380.575345127334,20.78687081337019,2.886334332432261,4.249557273546826
217,6.514290941190138,0.3107510592588815,1767.945230552629,22.44219828020054,4.307669443514401,5.477074468289627
218,5.924555454448268,0.5224805119172244,2115.488297588042,29.0439805656687,3.873990706562791,6.490190816984985
219,7.139787984786736,0.4993038761534633,1233.945978585799,38.6775003505581,3.145818918958688,3.8511027241114313
220,5.9731426709586115,0.2738084077425509,1897.42026724684,26.32312209953501,2.617061786586665,5.853625313181702
221,5.429402007827454,0.2837397293346841,1497.349007372551,30.14469617376785,2.364159254478219,4.594848128581993
222,2.539532781448158,0.3481888411165528,2124.39619537653,20.83145718100784,3.8450389041166,6.484299014374553
223,4.208066912887813,0.3938091940764085,2171.058245165368,22.96686401924178,4.323901341913365,6.632834629318081
224,3.583900660872147,0.4473019086121184,2144.266489113434,39.73260245917694,3.931712760623392,6.52989743622851
225,3.45474425737988,0.347565455827909,1674.214216657464,39.30237392872091,3.590906399747475,5.130541033230907
226,7.89348195275034,0.3850138864532592,2062.042650989313,20.09879961868819,2.125853670294909,6.353160536340808
227,4.36260801103977,0.4989883752535026,2044.54939853507,39.03623570846478,4.905466332783151,6.251746512070807
228,7.400522215551621,0.2146732811562392,1519.100473243256,32.78239875631001,4.396142574963724,4.7332193123999
229,5.8119506914646575,0.3009747777376083,2028.915474150677,37.35836589040044,2.878466110102894,6.221455392747496
230,6.8084928649255865,0.4853398343538209,1237.007634715493,29.09479711267718,4.939910988076551,3.883497439204867
231,5.029552561229398,0.5580827350748797,1796.269878482053,30.31192057158501,3.805644768908966,5.521849026913051
232,5.481735484786711,0.4046709768462664,1430.008837287703,29.7769316051384,3.74726797462174,4.431511287202045
233,4.9679392955932835,0.4128453941061263,1320.566885777279,33.33728515092209,4.244219538288596,4.091505523278949
234,3.1579439677377286,0.2428688045359104,1276.953201629209,22.79302509512626,4.435309364270413,3.9757025838388973
235,6.367924629344498,0.3789649467293819,1896.28877587814,20.59947179745356,3.969435821994508,5.863813495981628
236,3.67870057892097,0.4130469065820093,1539.874963768066,26.15859883182382,2.3842872390986,4.693795473304723
237,2.11723278776896,0.2969882014538919,1924.766771528761,34.09361525473294,3.014802517983495,5.848785112863066
238,5.899223086466652,0.3076972923797524,1265.356340798942,24.03706904245897,4.784250920978149,3.960571136264477
239,3.0475430731905835,0.3509136652418491,1515.29033783061,33.46864866649835,2.673846835531556,4.636727195342136
240,7.695285089235431,0.2080284791110906,1739.491292375337,39.3982409221454,3.11650107151254,5.372783233745298
241,7.777298874022252,0.3288316662332713,1990.723164838963,21.87801431578837,3.296230648832588,6.152403799894516
242,7.5394515424797,0.2845792027986179,1518.75250293207,33.45204236450252,3.318214969083356,4.7284234187238345
243,4.222940807039109,0.3309989408711659,1825.891376437009,28.87500438609142,3.838818747483577,5.610434849287012
244,2.063291495063096,0.2479048527277005,2085.977748236187,37.36284508755011,4.829227513234123,6.342593412847297
245,7.621369003439965,0.556210912295958,1815.863188182305,23.54299578894772,2.722078135497515,5.608240366444871
246,4.576236219536646,0.4374369814216195,1432.959474753634,33.85251904452329,2.364504128902754,4.394813689241608
247,7.854784237455439,0.4716409276577958,1224.400781556538,36.76230579296221,2.592411469579812,3.8210255819458228
248,7.836306211417498,0.5156684954429354,2070.09887390093,38.89228438948047,4.660774700627808,6.410019128025604
249,7.162839807137307,0.3993768795716229,1221.269410850387,33.66496056579292,3.937432437965618,3.8355679836197654
250,3.7619718907006705,0.2347681152349695,2074.701672684199,29.94349528016855,2.857720367717481,6.314168015647099
251,4.31389900483458,0.4148426167274191,1728.937134027212,32.35694480402428,4.447840816905852,5.32556360952739
252,7.151437120895123,0.4347364472083516,2139.067698512896,37.37809968957436,4.584109989090308,6.611227145863113
253,3.898802333605669,0.498175789673732,1998.783235773665,31.41219493277659,4.539543016070834,6.130083994956948
254,3.001160308853131,0.3726638184918717,2197.934110533337,20.60774119393674,4.756779600918663,6.703848583059087
255,5.359338081089698,0.2510321211182255,1550.71181545171,38.61897391013956,2.756723060520085,4.765684461447601
256,7.669080786676325,0.3135103623194898,1967.188288931127,33.79053502063122,4.265125786238835,6.0967656002278865
257,6.207048940212085,0.345232918559454,1601.930913609242,33.53026771554493,3.38161849182242,4.943608377129638
258,5.440072736187638,0.4583668965326405,1679.875620303909,24.31350304795434,4.525995658670185,5.200480266103571
259,2.5608534907695573,0.4283113218675647,1827.50546321837,33.17770940465314,4.185472031484839,5.586018524196748
260,5.71373258958795,0.3424386903591385,2073.677114186339,27.87728811308317,4.329342339499174,6.368476833685374
261,7.997252251175568,0.5946060995171918,2184.083469199295,33.02465954082984,3.968485513043214,6.730271040212167
262,2.8221014604418926,0.4423099277427548,1968.273413864518,22.13186060615982,2.532286308409121,5.958422205181638
263,5.125098729015613,0.2948907166943978,1617.766782167334,33.15690609206072,3.635080756690815,4.975360926249446
264,7.311180823275607,0.2407129890481615,1621.35700227707,39.98827451541333,4.954009218573525,5.0437902364923
265,6.479447013398653,0.2611436556737328,1937.582301588891,20.96424077721112,4.812164199491357,5.9853412838241296
266,6.213051989166861,0.2983830913538033,1438.777145768302,39.54348368442635,2.129521207391035,4.453788797043114
267,6.246346699634598,0.2642725493038223,1310.474113131395,28.13815921445741,2.494444447188311,4.0563623905205795
268,4.157990061068425,0.2746268096205223,1554.622157640777,37.41506900674518,2.395186320363686,4.753435332783635
269,3.7567536447767917,0.3140380674775388,1487.238991654082,35.64770968116547,4.177939729955886,4.578124190080177
270,6.897081512036624,0.2693494381179019,1496.30812045599,31.34032521973336,4.453355989570835,4.679346235667953
271,6.901661617276195,0.55870616985057,1433.60775104991,34.76898418502653,2.640534098932016,4.426140875007796
272,7.248463360082829,0.2320934982646569,1242.093189636362,37.57031122602696,3.517558078855487,3.9001696282801572
273,7.529564597759996,0.4098045558281018,1217.873934733414,28.08280643302066,4.5221090840336,3.8416009287770048
274,5.0825559363108646,0.3641587307958646,2187.722389736032,26.54066323126477,4.198404634298752,6.6986385542510085
275,5.022728435735544,0.5929514467634425,1627.773133735862,33.35186771127169,3.626711616475545,5.012281843019532
276,6.829704889072263,0.2448155608672209,1584.326647159682,36.15691883882517,3.771043071376319,4.915312472345932
277,5.926570983766886,0.3591422396182967,1879.64728269307,35.24570269553232,3.52508164074884,5.773383749508733
278,6.243197619861579,0.5877881733101475,1418.253887865064,35.95627297717269,2.892645353956462,4.386334016036834
279,6.814468037545055,0.5462028503575921,2149.961183950225,28.71166629625866,3.695065978577048,6.606399949200913
280,7.388094025163712,0.526828828379712,1986.345014415552,36.35668432350043,4.066655906150272,6.128277328582085
281,4.0271089313050314,0.3031611308179759,1289.41100231226,22.40418110741217,4.619968747582423,4.014485956857108
282,4.25596706616647,0.2683550349560263,1617.580775784928,30.88978195921699,3.908874061937744,4.993537019050961
283,2.541403037802678,0.4674572879697724,2079.118307562165,20.11517320996243,4.283364611129474,6.334161111879896
284,5.490114998915713,0.5717503956510344,2144.73202229141,26.4917165980054,2.480214904863719,6.5776309137823405
285,2.18802105728931,0.4227051572055719,1667.40151124987,27.32923069742796,3.38467242325937,5.066264635641409
286,4.804035383713321,0.42864507578796,1813.411389210708,27.92345383218511,2.02799485948128,5.544199686039287
287,5.273143630071398,0.3119916374641137,1367.033946092075,33.90934413379725,2.740036593564869,4.227200845832223
288,3.713825206646372,0.5077971732767748,2191.168626136976,27.77116202540692,4.179385145339015,6.694733593990249
289,5.566546283907904,0.2748174994230094,1431.671701383443,28.97387245245061,4.97542985404809,4.4530326603788355
290,2.1548865942589686,0.3294716945616974,2142.731774135126,24.75088261748655,2.297534298761648,6.497286822868412
291,2.196581151517975,0.3701745754465667,1849.646648992368,27.4650358325868,3.204482947583865,5.625943473377677
292,6.977691335328421,0.403044151473782,1807.736794878859,24.54539254526303,4.400212906097479,5.597973711149825
293,4.162248997173206,0.2969638929660321,1712.688511016509,21.46391847536887,2.612106903886696,5.259359025384474
294,2.7428061879108316,0.2459347298956814,1430.669811717759,32.06897186762756,3.665254847906859,4.3912767975311775
295,5.148927233400361,0.4442480169766531,1376.528032005508,33.36425597110033,4.199213888089025,4.260618318080101
296,6.657386795556076,0.3154522212961023,1420.486209070175,32.38980692019229,3.847956350780537,4.431474475190313
297,3.2832360122907662,0.4324952885690449,1386.438262144255,29.26988087601145,2.564074203846249,4.249511210801516
298,5.761730766984901,0.2617450861096809,1979.584473566753,27.59571560358459,3.066153706057218,6.0873327777356305
299,2.4888309258294363,0.392456040741927,1550.12525916673,37.26667299143651,4.351375353456191,4.750361648914371
300,2.2838527093912893,0.4130357730206343,1257.842676563396,30.38163570272436,3.66267954239605,3.851704093670632
301,5.204402992136298,0.2207294147289708,2169.102630140811,29.58363755259462,2.015688840628738,6.616078649939535
302,5.260908450811207,0.3346417112775683,2083.785884963426,20.51284131612871,4.282972280084282,6.414933011762104
303,5.850255932483589,0.2537658707755897,2127.752283195213,26.82495655252313,2.105934064820717,6.51779227939407
304,6.390082479569659,0.2253499881891071,2194.907822646435,27.60391237571714,4.237201348193697,6.753570693455336
305,7.910782941852613,0.5959840929559781,1373.895249219487,27.97645561793801,2.607441680495712,4.284659717168182
306,5.112743049916089,0.3289415379898892,1596.242018902659,31.60344738454665,4.87422044035814,4.953063768957007
307,3.9355439677765993,0.5239497783418539,1958.238475704091,30.67205093453757,3.103822253906253,5.97150164782526
308,6.810775438436487,0.3018562619055055,1896.020618053792,32.15810185586889,2.980794849014237,5.844568143091183
309,3.6181789320146907,0.4726010888895717,1353.895906339855,35.29766523084257,2.446664150997334,4.143699292877759
310,4.641915916556681,0.5040911439558746,2015.833124990618,36.25971477432187,2.916812646470645,6.151630357053766
311,2.4468736756481615,0.4382554962431377,1424.440571836661,34.36246152452989,4.629952285484602,4.383476834996956
312,2.1235331606849392,0.3886304754200633,1423.817614822623,39.11047391909869,4.989003012881742,4.3751940440650205
313,7.830390728567435,0.3647363656589074,1736.974422893414,20.36465165352723,3.104928591520545,5.399237756414141
314,7.0591545083848555,0.3395473066171981,1792.939934841703,23.91555971367092,3.345831892863628,5.559953577194813
315,6.206710469799559,0.5718116576991303,1780.086207837811,20.15125749956284,4.166212814608211,5.505971784104707
316,4.459144558158938,0.5322477631150917,1291.486837397755,32.94949428309206,4.658587341395224,4.013459696923176
317,3.024306677937158,0.586010764266605,2077.46086263038,37.96061097899974,3.779133002560353,6.318615521106365
318,2.9216689737666828,0.2497188893942179,1465.600042588706,24.86964593152599,3.174577094533488,4.498440128256702
319,3.4928180043769563,0.4923469900814577,1329.514921282804,38.54069089592613,3.237865522545871,4.077447975261828
320,5.313219167289608,0.5753361827284151,2088.748079868977,21.20534780579122,4.086854439490421,6.4157276108594665
321,6.320091189287377,0.2724932264662641,2155.651498229753,38.68872053611028,2.009654790812836,6.595371894010389
322,5.9888786371395355,0.226598506946711,2062.127617265451,27.03245374479269,3.858768012379522,6.335537478937756
323,3.673595473785471,0.4964482597160236,2009.516074724878,22.02841656898433,3.066479031324072,6.15650529033264
324,7.783002114879764,0.4297892452719647,1855.241980639022,29.71743518372651,4.382591993831253,5.743577955986691
325,6.461962291713643,0.5367315107033088,1750.857370609139,25.13553135441016,2.278971919469396,5.3775343345926805
326,5.344437928198957,0.2559089506505158,1286.98675991141,25.69745803923846,3.764606800845172,4.0186302586808
327,5.693722430075784,0.518106924743956,1608.453213070699,26.14579929852573,3.442918669658371,4.974584183026631
328,4.523970907220226,0.2806509280190978,1572.688517012314,36.06051795665327,3.926976577715682,4.848497867598942
329,3.4775239250195815,0.2654623771462818,1459.753783760326,30.78322553350509,2.194560783448905,4.47214384399904
330,4.136567387759262,0.2657063191723972,1923.420113688585,26.22615398312007,3.739951362284394,5.895294131270111
331,6.583425526843791,0.5258298880925528,1695.875735078771,32.20667566621837,3.684453763878571,5.231982805597998
332,2.0568185039497173,0.46607888827848,1281.046215907648,34.32301348446387,3.681980283248513,3.92192115516655
333,2.6759051134410967,0.4092261699076477,1420.183201949811,25.45248001467068,3.810462999789364,4.353905194369021
334,2.2492749047071277,0.343532193649401,1883.258763659596,28.27098203050703,4.029403811679087,5.754427183786832
335,2.217164452561134,0.5508802163252433,1276.1308594903,22.43772186673895,4.414966999042309,3.928764063680168
336,7.177763818908644,0.3569780429690542,2051.206914048769,23.6229869906936,2.809462160384643,6.307291213135176
337,6.253493382262138,0.5266397757886307,1695.146527013974,33.62235707929965,4.475148230540186,5.240563579426427
338,4.856250313024498,0.3756539634280873,1680.586577326648,23.62876695391254,3.494767046790361,5.179586088910814
339,2.564857780258026,0.3507777717699631,1792.407784659518,30.5032676733412,2.231174837402993,5.442318323967918
340,4.962448456298213,0.3850719142678426,2024.680965925149,34.18092523444865,2.175652787731938,6.170734709627639
341,4.851975740619311,0.3205511496656568,1547.809207902193,22.13753846189488,3.002714956088183,4.77470383578567
342,3.0237437832280767,0.4990437520705004,1878.016152559064,31.34624439257807,4.354690931334403,5.742811554915309
343,4.610743528699675,0.4010881560369917,1765.731963995791,25.13125567402728,4.123042804222747,5.429204248426032
344,4.395529286048596,0.2928850780587269,1467.028270169421,39.2585375047516,4.365844894017219,4.5215963352361515
345,5.718864520358039,0.5598298293098274,2078.629986355158,29.67091293439849,3.551807169324828,6.37720506626355
346,5.836031369678968,0.3535564885492846,1997.426021606928,36.11985099550316,3.320596993866472,6.112924560634084
347,2.245021192291471,0.4174211444455954,1858.451834658425,31.00453084312523,2.442357580118852,5.628093677178459
348,4.2500590382204155,0.5625888443858187,2050.581729094242,20.86825065709638,2.984578260827935,6.259670652900455
349,5.779810584163661,0.4496951983655968,2067.294200959802,32.66302751188044,3.302058098521626,6.3352080629323435
350,5.032591794501146,0.2467592162833456,1908.362976715035,39.02806684413314,2.265801289038852,5.833535399824875
351,7.184030583770808,0.57593284944539,2037.013328363672,32.03223640292663,2.661835858133634,6.272819175859512
352,5.979722891467388,0.4510832212285671,1897.471461669284,36.3837771885358,3.794675882191216,5.8433750410215275
353,2.961229135421269,0.3339622458628345,1880.1407717603,37.68412926696816,4.20698934271757,5.738857838645947
354,2.398848800697789,0.2557088290653549,1818.611378215184,24.56159543897865,4.995042534178848,5.572950713298964
355,5.8806343950560365,0.5176100757081183,1952.716639557641,24.24089679816453,4.799339994030673,6.014763554445309
356,2.1305994230795386,0.4480291023714054,1358.605105293074,32.21961977701984,3.927695598605575,4.161016547728095
357,5.535751952236471,0.4133844367905286,2080.870759198929,28.2205693961341,3.263744159882216,6.37577115360122
358,7.693894793914705,0.557557033220383,2071.843527745232,36.79722605733441,3.908532094124698,6.3884604076717
359,5.47303053113219,0.5154388844898123,1229.247283034559,38.00046246796022,4.356954854240696,3.819062040111597
360,4.332604475558952,0.2606699518931005,2025.816750564763,27.06842758605436,2.355008572770162,6.189504011424986
361,5.885925049577122,0.3246888271182193,1328.869867473445,24.73741117948964,3.229714669088865,4.148480345709075
362,4.759313628234807,0.2993956559257863,1535.118854259142,35.61051030487724,4.519406856906851,4.741286929772219
363,5.291239976130576,0.4975785170290708,1943.508256291608,25.49612071096272,3.151498855799132,5.965928356812849
364,7.701411616210725,0.2134129738943118,1360.759896048308,36.45228637027357,3.71561681368156,4.263341315296752
365,4.320017523894548,0.4279558739485266,2017.967024119062,28.47476507297526,3.763308082586595,6.1729148701052585
366,7.821514415914433,0.5049834742962762,2032.134177957742,33.35099798582941,2.553428759400918,6.254613278992979
367,7.481525861080743,0.5507062547046997,1707.467733760836,21.91070627669336,3.086706324956865,5.291439952989499
368,3.1612814312791935,0.336832699486363,1206.385871716834,32.47718649353146,3.003533866225796,3.710552657125046
369,2.3914971070450814,0.5285029218688051,1487.038133174913,29.03535357474458,2.078590125596194,4.5168938716455225
370,2.582781733601057,0.2442526947820829,1816.926918375742,31.73216926350948,2.072575291674066,5.520575063223517
371,2.0801278268842367,0.5385809166938073,2181.186178027423,23.36028415489727,4.495091131027321,6.648655164036517
372,2.544210023009965,0.250995464932793,1831.813527016668,34.73747489888364,2.819212429918437,5.586927115454784
373,6.127756586119241,0.3589149162241469,1459.80358106416,37.25594155086457,3.554236298716446,4.531183433400366
374,2.4026231481254188,0.5189181463118214,1834.005703099611,24.33479600181551,2.896176720766319,5.604397290603415
375,3.9113060947018194,0.2599669709395095,1739.985379715856,21.91429111040323,4.822037735346021,5.354397162049058
376,7.113314020922991,0.2917005580930566,1979.845395151144,20.47277172092673,2.777890276597321,6.113108494183756
377,2.1108760724381517,0.4889010273572265,1306.980638826959,32.83943000886532,3.288970438216805,3.996819636129084
378,6.928178130822103,0.4880146146184297,1961.027902502028,32.14188072177561,4.618190751453806,6.078799273354819
379,3.6852909857905694,0.4564590531541189,1741.26657867611,30.9339482542814,4.525800700375425,5.336726111840387
380,2.688643664101421,0.47757937778684,2162.992003858994,24.63894192231951,2.558304253538832,6.561579310242368
381,6.211355845564446,0.4170897773390385,1541.872166038686,27.81811991811029,4.407929929387131,4.78425532167395
382,5.798581406947797,0.3007196235627811,1832.621893133948,31.88952670372346,3.374560660213678,5.617235497564962
383,7.311783241942482,0.3382783974015678,2132.028105510018,29.93533717718339,3.448906616256066,6.558606661784576
384,6.444756600722016,0.2726390867205702,1302.509727990679,39.75571040429774,2.400439917247831,4.029243068356898
385,6.861279004353622,0.5633802245334514,2137.228487236451,22.72879505113466,2.241804541271374,6.558168161189867
386,3.6863857078357976,0.4333567179064481,1887.885722300813,33.90289108095187,4.183817920921296,5.78046542729208
387,3.049545406271677,0.3603405667054559,1267.837059105172,28.08637536208584,3.489383457065899,3.92206440524544
388,6.539396467460298,0.384802321457653,1500.963566946816,28.5639922985123,3.310552107845539,4.6658546572764115
389,6.881699101606253,0.578913335844726,1908.172088645282,34.35195531316353,4.188524685957191,5.881328351565247
390,8.0,0.2613405612464321,1267.350601468772,33.84872302648739,4.296538696973329,3.9824907180960833
391,4.481457753877745,0.4344919328067189,1782.170460176273,39.82511987404376,2.476724503008061,5.44632824894997
392,4.23426191531742,0.4023554715537864,1545.883056952957,22.5678857890825,3.830675448432924,4.753493783874278
393,6.6964721856239215,0.4445816941738591,1820.915517767477,22.08219298768333,2.406062246833057,5.628819543866509
394,4.044208135282221,0.2072440735283362,1245.742033812513,34.48677634257482,4.254125258087138,3.873281077728218
395,7.636217726102923,0.5488495635776606,2071.536806152376,31.56773834012818,3.970865468801418,6.385012646916778
396,7.195738472906282,0.5728473129934449,2173.488969177397,25.48321333119612,4.869843863250374,6.690284335783274
397,4.581167272468106,0.4260532734356836,2168.877855285692,21.58838737977973,2.206874049069263,6.631065350223777
398,6.540957081349452,0.4786603295507569,1949.651831742925,21.71316499192861,2.171164163453763,5.989178294424262
399,6.563313346786277,0.5689997524709183,1330.086240130632,37.88381749328236,2.846561224079601,4.1365257767385915
